‚Ññ,–ø—Ä–∏–æ—Ä–∏—Ç–µ—Ç,–ù–∞–∑–≤–∞–Ω–∏–µ,–ü—Ä–µ–¥—É—Å–ª–æ–≤–∏—è,–¢–µ—Å—Ç–æ–≤—ã–µ –¥–∞–Ω–Ω—ã–µ,–®–∞–≥–∏ ,–û–∂–∏–¥–∞–µ–º—ã–π —Ä–µ–∑—É–ª—å—Ç–∞—Ç,Passed or Failed,Link to bug report (defect),–ö–æ–º–º–µ–Ω—Ç–∞—Ä–∏–π
T-001,High,–£—Å–ø–µ—à–Ω–∞—è –æ—Ç–ø—Ä–∞–≤–∫–∞ —Å–æ–æ–±—â–µ–Ω–∏—è,"–û—Ç–∫—Ä—ã—Ç–∞ —Ñ–æ—Ä–º–∞ –æ–±—Ä–∞—Ç–Ω–æ —Å–≤—è–∑–∏
—Å –æ–±—è–∑–∞—Ç–µ–ª—å–Ω—ã–º–∏ –ø–æ–ª—è–º–∏ ‚ÄúName‚Äù, ‚ÄúEmail‚Äù, ‚ÄúMessage"" –∏ –∫–Ω–æ–ø–∫–æ–π –∫–Ω–æ–ø–∫—É ‚ÄúSend‚Äù.





",Name= –ï–≤–≥–µ–Ω–∏—è Email=evgesha.astapova@gmail.com Message= –î–æ–±—Ä—ã–π –¥–µ–Ω—å,"1.–í–≤–µ—Å—Ç–∏ –∑–Ω–∞—á–µ–Ω–∏–µ –∏–∑ —Ç–µ—Å—Ç–æ–≤—ã—Ö –¥–∞–Ω–Ω—ã—Ö –≤ –ø–æ–ª–µ ""Name"".","1.–í–≤–µ–¥–µ–Ω–Ω–æ–µ –∑–Ω–∞—á–µ–Ω–∏–µ –æ—Ç–æ–±—Ä–∞–∂–µ–Ω–æ –≤ –ø–æ–ª–µ ""Name"".",,,
,,,,,"2.–í–≤–µ—Å—Ç–∏ –∑–Ω–∞—á–µ–Ω–∏–µ –∏–∑ —Ç–µ—Å—Ç–æ–≤—ã—Ö –¥–∞–Ω–Ω—ã—Ö –≤ –ø–æ–ª–µ ""Email"".","2.–í–≤–µ–¥–µ–Ω–Ω–æ–µ –∑–Ω–∞—á–µ–Ω–∏–µ –æ—Ç–æ–±—Ä–∞–∂–µ–Ω–æ –≤ –ø–æ–ª–µ ""Email"".",,,
,,,,,"3.–í–≤–µ—Å—Ç–∏ —Ç–µ–∫—Å—Ç –∏–∑ —Ç–µ—Å—Ç–æ–≤—ã—Ö –¥–∞–Ω–Ω—ã—Ö –ø–æ–ª–µ ‚ÄúMessage"".","3.–í–≤–µ–¥—ë–Ω–Ω—ã–π —Ç–µ–∫—Å—Ç –æ—Ç–æ–±—Ä–∞–∂—ë–Ω –≤ –ø–æ–ª–µ ‚ÄúMessage"".",,,
,,,,,"4.–ù–∞–∂–∞—Ç—å –Ω–∞ –∫–Ω–æ–ø–∫—É  ""Send"".","4.–°–æ–æ–±—â–µ–Ω–∏–µ —É—Å–ø–µ—à–Ω–æ –æ—Ç–ø—Ä–∞–≤–ª–µ–Ω–æ.–°–∏—Å—Ç–µ–º–∞ –æ—Ç–æ–±—Ä–∞–∂–∞–µ—Ç –≤—Å–ø–ª—ã–≤–∞—é—â–µ–µ –æ–∫–Ω–æ ""–í–∞—à–µ –ø–∏—Å—å–º–æ –æ—Ç–ø—Ä–∞–≤–ª–µ–Ω–æ"".",,,
T-002,High,"–ù–µ—É—Å–ø–µ—à–Ω–∞—è –æ—Ç–ø—Ä–∞–≤–∫–∞ —Å–æ–æ–±—â–µ–Ω–∏—è –ø—Ä–∏ –≤–≤–æ–¥–µ –Ω–µ–≤–∞–ª–∏–¥–Ω–æ–≥–æ –∑–Ω–∞—á–µ–Ω–∏—è –≤ –ø–æ–ª–µ ""Name"".","–û—Ç–∫—Ä—ã—Ç–∞ —Ñ–æ—Ä–º–∞ –æ–±—Ä–∞—Ç–Ω–æ–π —Å–≤—è–∑–∏
—Å –æ–±—è–∑–∞—Ç–µ–ª—å–Ω—ã–º–∏ –ø–æ–ª—è–º–∏ ‚ÄúName‚Äù, ‚ÄúEmail‚Äù, ‚ÄúMessage"" –∏ –∫–Ω–æ–ø–∫–æ–π –∫–Ω–æ–ø–∫—É ‚ÄúSend‚Äù.




",Name= üë∏ Email=evgesha.astapova@gmail.com Message= –î–æ–±—Ä—ã–π –¥–µ–Ω—å,"1.–í–≤–µ—Å—Ç–∏ –∑–Ω–∞—á–µ–Ω–∏–µ –∏–∑ —Ç–µ—Å—Ç–æ–≤—ã—Ö –¥–∞–Ω–Ω—ã—Ö –≤ –ø–æ–ª–µ ""Name"".","1.–í–≤–µ–¥–µ–Ω–Ω–æ–µ –Ω–µ–≤–∞–ª–∏–¥–Ω–æ–µ –∑–Ω–∞—á–µ–Ω–∏–µ –æ—Ç–æ–±—Ä–∞–∂–µ–Ω–æ –≤ –ø–æ–ª–µ ""Name"".",,,
,,,,,"2.–í–≤–µ—Å—Ç–∏ –∑–Ω–∞—á–µ–Ω–∏–µ –∏–∑ —Ç–µ—Å—Ç–æ–≤—ã—Ö –¥–∞–Ω–Ω—ã—Ö –≤ –ø–æ–ª–µ ""Email"".","2.–í–≤–µ–¥–µ–Ω–Ω–æ–µ –∑–Ω–∞—á–µ–Ω–∏–µ –æ—Ç–æ–±—Ä–∞–∂–µ–Ω–æ –≤ –ø–æ–ª–µ ""Email"".",,,
,,,,,"3.–í–≤–µ—Å—Ç–∏ —Ç–µ–∫—Å—Ç –∏–∑ —Ç–µ—Å—Ç–æ–≤—ã—Ö –¥–∞–Ω–Ω—ã—Ö –ø–æ–ª–µ ‚ÄúMessage"".","3.–í–≤–µ–¥—ë–Ω–Ω—ã–π —Ç–µ–∫—Å—Ç –æ—Ç–æ–±—Ä–∞–∂—ë–Ω –≤ –ø–æ–ª–µ ‚ÄúMessage"".",,,
,,,,,"4.–ù–∞–∂–∞—Ç—å –Ω–∞ –∫–Ω–æ–ø–∫—É  ""Send"".","4.–°–æ–æ–±—â–µ–Ω–∏–µ –æ–±—Ä–∞—Ç–Ω–æ–π —Å–≤—è–∑–∏ –Ω–µ –æ—Ç–ø—Ä–∞–≤–ª–µ–Ω–æ.–°–∏—Å—Ç–µ–º–∞ –æ—Ç–æ–±—Ä–∞–∂–∞–µ—Ç –ø–æ–¥—Å–∫–∞–∑–∫—É ""–í–µ–¥–∏—Ç–µ –ø—Ä–∞–≤–∏–ª—å–Ω–æ–µ –∑–Ω–∞—á–µ–Ω–∏–µ"" –∏ –ø–æ–¥—Å–≤–µ—á–∏–≤–∞–µ—Ç –∫—Ä–∞—Å–Ω—ã–º –ø–æ–ª–µ ""Email"".",,,